"version","interview__key","zone","state","lga","sector","ea","cluster_id","InterviewDate"
"3","63-54-73-11",1,31,3116,2,1344,"3116-1344","2018-07-31T07:47:18"
"2","82-53-49-41",2,5,513,2,348,"513-348","2018-07-18T09:56:00"
"3","62-23-56-82",6,29,2910,1,350,"2910-350","2018-07-27T08:14:26"
"3","62-56-42-96",1,26,2609,2,204,"2609-204","2018-08-10T05:53:23"
"3","28-28-05-31",3,17,1723,1,668,"1723-668","2018-08-07T05:28:00"
"3","34-06-74-12",2,15,1506,1,458,"1506-458","2018-07-25T08:30:09"
"3","72-76-92-48",2,2,207,2,1302,"207-1302","2018-08-06T04:25:34"
"2","43-95-90-07",5,6,605,2,162,"605-162","2018-07-18T10:35:14"
"3","80-21-46-46",6,28,2814,1,1876,"2814-1876","2018-08-09T03:12:13"
"3","75-01-27-95",1,22,2216,1,588,"2216-588","2018-07-22T07:39:23"
"3","46-32-68-71",3,33,3302,2,816,"3302-816","2018-07-23T04:11:41"
"3","17-55-34-05",4,14,1411,2,1414,"1411-1414","2018-08-08T03:56:00"
"3","60-76-55-49",4,16,1624,1,136,"1624-136","2018-07-30T08:29:17"
"3","15-29-52-50",2,5,516,2,134,"516-134","2018-08-02T11:20:35"
"3","55-05-09-12",5,10,1013,2,88,"1013-88","2018-08-09T03:14:53"
"3","07-43-60-22",6,30,3013,1,282,"3013-282","2018-08-15T08:40:57"
"3","43-74-75-07",4,16,1613,2,440,"1613-440","2018-07-23T06:04:36"
"3","45-34-94-21",5,12,1211,1,2856,"1211-2856","2018-07-25T12:09:09"
"3","49-81-80-27",3,21,2119,2,3956,"2119-3956","2018-07-29T11:15:26"
"3","07-05-56-71",6,28,2813,2,612,"2813-612","2018-08-07T02:41:02"
"3","46-34-96-66",2,34,3402,2,768,"3402-768","2018-08-09T07:23:08"
"3","87-58-44-70",2,5,506,2,830,"506-830","2018-08-02T07:13:04"
"3","73-43-45-28",5,3,318,2,1136,"318-1136","2018-07-26T08:27:11"
"2","93-87-01-38",4,1,104,2,412,"104-412","2018-07-18T08:23:55"
"3","74-36-65-75",6,13,1316,1,1236,"1316-1236","2018-08-20T09:39:46"
"3","80-22-42-81",2,2,205,2,206,"205-206","2018-07-26T01:12:07"
"3","07-15-54-35",3,20,2015,2,1746,"2015-1746","2018-07-26T06:04:51"
"3","47-07-38-52",4,14,1406,2,694,"1406-694","2018-08-14T08:33:07"
"3","92-36-40-06",5,6,608,2,1288,"608-1288","2018-07-23T09:35:54"
"3","05-06-66-54",2,2,205,2,712,"205-712","2018-08-08T11:20:43"
"3","14-17-54-84",6,28,2801,1,760,"2801-760","2018-08-01T05:29:42"
"3","02-73-42-87",6,30,3012,2,334,"3012-334","2018-08-17T08:14:38"
"3","92-82-84-85",1,23,2304,2,322,"2304-322","2018-07-20T07:56:02"
"3","86-35-15-75",6,13,1315,1,264,"1315-264","2018-08-16T08:15:52"
"3","28-59-95-68",5,6,604,1,858,"604-858","2018-07-20T10:28:29"
"3","03-43-66-46",5,12,1207,1,144,"1207-144","2018-07-19T12:05:17"
"3","32-07-68-00",1,7,702,2,954,"702-954","2018-08-09T09:01:04"
"3","55-81-96-91",2,15,1503,2,1076,"1503-1076","2018-08-18T02:24:22"
"3","95-79-01-92",6,24,2401,1,396,"2401-396","2018-07-20T07:12:04"
"3","88-11-80-06",4,11,1104,2,1610,"1104-1610","2018-08-18T11:48:31"
"3","26-92-32-27",4,1,107,2,1044,"107-1044","2018-07-20T07:07:01"
"3","48-00-93-97",2,2,218,2,1624,"218-1624","2018-07-23T07:48:40"
"3","71-91-99-26",6,24,2415,1,550,"2415-550","2018-08-07T11:12:01"
"3","38-07-19-38",1,7,705,1,3834,"705-3834","2018-07-23T03:31:51"
"3","88-37-47-37",4,11,1113,2,954,"1113-954","2018-07-25T09:14:14"
"3","30-45-12-98",2,15,1506,1,148,"1506-148","2018-07-20T07:16:43"
"3","23-83-02-90",2,15,1506,1,1328,"1506-1328","2018-07-27T06:31:24"
"3","88-94-31-78",1,7,718,2,1640,"718-1640","2018-07-23T08:04:41"
"3","89-16-44-98",6,24,2418,1,920,"2418-920","2018-07-29T06:10:50"
"3","39-14-38-21",6,28,2805,2,498,"2805-498","2018-07-20T12:10:30"
"3","13-87-81-09",2,15,1511,2,1498,"1511-1498","2018-08-03T05:24:52"
"3","46-46-54-73",2,5,503,2,246,"503-246","2018-07-30T08:45:04"
"2","99-48-42-12",6,24,2401,1,884,"2401-884","2018-07-18T04:13:01"
"3","53-50-73-96",3,20,2010,2,946,"2010-946","2018-07-20T06:11:41"
"3","97-56-55-62",6,27,2703,1,1076,"2703-1076","2018-07-23T08:09:46"
"3","46-04-30-38",3,20,2021,1,2556,"2021-2556","2018-08-03T07:03:23"
"3","34-23-07-38",6,30,3006,1,520,"3006-520","2018-07-21T06:06:24"
"3","31-47-83-23",2,2,219,2,124,"219-124","2018-07-30T10:02:31"
"3","90-86-44-28",4,14,1403,1,1418,"1403-1418","2018-07-23T04:19:14"
"3","35-29-69-38",5,12,1208,2,76,"1208-76","2018-07-22T07:31:40"
"2","58-69-70-52",4,11,1104,2,434,"1104-434","2018-07-18T08:15:49"
"3","53-26-09-35",6,24,2420,1,1580,"2420-1580","2018-07-29T08:13:43"
"3","75-53-10-63",2,2,204,2,144,"204-144","2018-07-28T04:51:40"
"3","78-78-96-24",6,29,2918,1,454,"2918-454","2018-07-24T04:53:26"
"2","89-27-74-45",1,23,2308,1,88,"2308-88","2018-07-18T05:20:10"
"3","79-48-09-85",2,8,827,2,804,"827-804","2018-08-08T05:40:25"
"3","28-48-23-92",4,14,1417,2,36,"1417-36","2018-08-11T02:52:35"
"3","43-30-63-36",6,13,1307,1,1002,"1307-1002","2018-08-03T10:11:28"
"3","90-57-79-76",6,30,3005,1,2942,"3005-2942","2018-07-28T05:27:17"
"2","14-67-12-77",6,24,2405,1,152,"2405-152","2018-07-18T06:20:12"
"3","99-01-70-24",2,15,1509,2,388,"1509-388","2018-08-05T08:29:22"
"3","62-79-70-91",2,15,1503,2,634,"1503-634","2018-08-08T04:52:13"
"3","26-23-64-59",4,11,1101,2,154,"1101-154","2018-08-16T04:07:56"
"3","35-06-16-92",6,13,1311,1,1134,"1311-1134","2018-08-27T08:09:43"
"2","83-56-10-40",5,9,915,1,1390,"915-1390","2018-07-19T09:33:01"
"3","74-46-53-99",6,24,2418,1,1770,"2418-1770","2018-07-30T05:58:59"
"3","14-56-53-03",1,7,713,2,304,"713-304","2018-08-11T09:22:51"
"3","07-70-62-14",6,29,2930,1,530,"2930-530","2018-07-21T08:44:35"
"3","65-66-98-97",4,1,109,2,1792,"109-1792","2018-08-01T06:03:13"
"3","81-53-59-91",6,24,2420,1,300,"2420-300","2018-07-30T06:58:42"
"3","24-45-40-33",2,5,508,2,984,"508-984","2018-07-27T07:58:15"
"3","65-94-79-58",3,18,1821,2,24,"1821-24","2018-08-02T10:35:31"
"3","84-20-96-30",2,15,1511,2,1938,"1511-1938","2018-08-01T09:20:45"
"3","49-58-97-02",2,5,514,2,1964,"514-1964","2018-08-13T12:28:37"
"3","06-57-79-41",1,7,713,1,694,"713-694","2018-08-06T11:22:10"
"3","15-91-90-06",2,2,210,2,924,"210-924","2018-07-21T07:21:35"
"3","03-20-84-17",6,28,2811,2,390,"2811-390","2018-07-27T11:39:39"
"3","61-67-57-25",3,17,1717,2,378,"1717-378","2018-07-20T07:46:12"
"3","04-09-20-27",1,7,701,2,104,"701-104","2018-07-22T09:31:03"
"3","71-35-86-32",4,4,405,2,716,"405-716","2018-08-01T05:27:36"
"3","84-36-67-01",3,20,2021,1,2086,"2021-2086","2018-08-01T07:36:52"
"3","49-35-20-39",4,4,416,1,730,"416-730","2018-08-05T12:01:05"
"3","12-86-01-03",5,10,1018,1,634,"1018-634","2018-08-06T12:10:15"
"3","13-83-64-16",5,3,308,2,102,"308-102","2018-08-07T05:23:26"
"3","10-68-85-33",3,17,1715,2,3064,"1715-3064","2018-08-01T07:01:48"
"3","71-23-66-93",1,7,723,2,1088,"723-1088","2018-07-26T02:32:26"
"3","40-42-81-31",6,13,1301,1,688,"1301-688","2018-07-26T11:12:01"
"3","60-36-48-80",6,28,2808,2,1494,"2808-1494","2018-08-04T07:07:56"
"3","19-82-49-75",5,9,910,2,370,"910-370","2018-08-01T11:15:50"
"3","26-84-38-95",5,6,601,2,16,"601-16","2018-08-10T04:58:18"
"3","67-44-13-43",5,10,1025,2,1774,"1025-1774","2018-08-04T05:42:24"
"3","71-42-50-76",4,4,421,1,800,"421-800","2018-08-10T03:57:43"
"3","02-13-70-37",5,12,1218,1,196,"1218-196","2018-08-12T05:56:22"
"2","78-44-07-15",3,18,1817,2,880,"1817-880","2018-07-18T07:03:32"
"3","07-39-04-69",4,4,412,1,1562,"412-1562","2018-07-30T06:03:25"
"3","37-33-09-51",5,9,905,2,2128,"905-2128","2018-07-24T03:05:40"
"3","60-13-71-95",5,10,1006,2,474,"1006-474","2018-08-06T06:57:43"
"3","08-60-23-73",4,14,1416,2,2314,"1416-2314","2018-07-27T05:22:51"
"3","53-71-82-71",2,2,208,2,300,"208-300","2018-08-04T04:40:44"
"3","36-36-02-22",3,19,1921,1,842,"1921-842","2018-07-20T06:10:54"
"3","74-82-65-89",1,23,2310,2,496,"2310-496","2018-07-27T04:27:55"
"3","74-66-19-50",5,10,1022,1,386,"1022-386","2018-07-27T07:10:24"
"3","84-47-76-33",6,13,1312,1,24,"1312-24","2018-08-13T09:31:23"
"3","17-34-67-34",6,24,2405,1,588,"2405-588","2018-07-22T06:13:52"
"3","51-05-90-22",1,22,2203,2,266,"2203-266","2018-08-05T04:36:25"
"3","04-61-93-87",6,27,2715,2,752,"2715-752","2018-08-01T07:44:21"
"3","90-78-97-71",3,36,3611,1,10,"3611-10","2018-07-29T06:37:51"
"3","91-95-34-66",2,5,518,2,1588,"518-1588","2018-08-16T06:26:31"
"3","23-64-50-26",1,7,721,2,2400,"721-2400","2018-08-02T03:26:52"
"2","59-10-62-93",3,20,2025,2,2222,"2025-2222","2018-07-18T08:59:41"
"3","78-24-49-02",3,17,1716,2,1344,"1716-1344","2018-07-28T06:34:53"
"3","30-16-41-51",3,19,1924,2,356,"1924-356","2018-08-09T06:48:59"
"3","69-58-90-86",6,24,2418,1,1090,"2418-1090","2018-08-04T06:34:07"
"3","62-37-13-77",3,19,1933,2,330,"1933-330","2018-08-03T05:05:07"
"3","10-10-29-52",6,13,1309,2,674,"1309-674","2018-09-05T06:52:28"
"3","40-78-71-06",4,16,1601,2,2484,"1601-2484","2018-08-06T08:14:21"
"3","95-59-11-59",2,34,3407,1,64,"3407-64","2018-07-31T07:49:33"
"3","44-25-26-49",2,2,209,2,10,"209-10","2018-08-10T02:32:58"
"3","58-35-48-84",3,18,1804,1,2690,"1804-2690","2018-07-23T08:42:49"
"3","37-95-77-24",3,36,3610,2,1826,"3610-1826","2018-07-24T07:48:13"
"3","66-66-68-20",3,17,1725,2,200,"1725-200","2018-07-22T13:55:57"
"3","26-29-90-50",2,15,1510,2,838,"1510-838","2018-08-10T05:31:55"
"3","30-17-33-88",1,37,3705,2,32,"3705-32","2018-07-20T04:45:20"
"3","33-69-66-90",5,12,1211,1,446,"1211-446","2018-07-21T05:34:42"
"3","59-22-89-59",5,3,305,2,1542,"305-1542","2018-07-23T06:26:15"
"3","68-11-44-28",1,23,2310,2,30,"2310-30","2018-07-28T05:17:50"
"3","56-80-59-63",1,37,3706,1,1376,"3706-1376","2018-08-06T07:06:50"
"3","94-14-64-51",2,15,1502,2,1386,"1502-1386","2018-08-13T03:41:06"
"2","66-88-28-92",4,14,1403,2,944,"1403-944","2018-07-19T08:49:30"
"2","59-23-80-84",2,2,210,2,1300,"210-1300","2018-07-19T03:39:42"
"3","88-14-79-25",5,3,304,2,184,"304-184","2018-07-21T08:15:05"
"3","46-34-51-33",5,9,909,1,506,"909-506","2018-07-30T12:33:04"
"3","12-18-91-69",1,31,3110,2,334,"3110-334","2018-08-03T03:46:43"
"3","77-05-75-93",1,26,2616,2,254,"2616-254","2018-07-29T09:11:05"
"3","74-82-99-37",5,10,1008,2,1314,"1008-1314","2018-07-29T08:00:34"
"3","54-74-12-44",4,14,1416,2,1134,"1416-1134","2018-08-13T07:34:37"
"3","39-88-31-83",1,31,3111,2,1128,"3111-1128","2018-07-22T10:54:36"
"3","73-82-56-66",4,14,1401,2,386,"1401-386","2018-07-26T08:00:17"
"3","12-34-60-45",3,18,1822,2,1898,"1822-1898","2018-08-06T06:45:04"
"3","58-93-64-92",3,19,1909,2,1684,"1909-1684","2018-08-14T05:54:19"
"3","14-06-31-09",5,3,309,2,698,"309-698","2018-07-20T08:33:12"
"3","60-71-32-35",3,18,1802,2,1040,"1802-1040","2018-07-28T05:52:14"
"3","63-03-08-52",2,35,3513,2,576,"3513-576","2018-08-01T04:53:34"
"3","37-75-45-86",1,7,704,2,10,"704-10","2018-07-21T01:51:41"
"3","62-82-50-05",2,34,3401,2,370,"3401-370","2018-07-28T05:54:14"
"3","42-74-86-87",2,5,506,2,696,"506-696","2018-08-06T08:25:21"
"2","70-34-37-55",3,20,2034,2,908,"2034-908","2018-07-18T08:46:38"
"3","86-65-81-49",4,1,111,2,118,"111-118","2018-08-04T10:39:38"
"3","04-09-64-72",2,34,3411,2,1034,"3411-1034","2018-07-19T03:59:47"
"3","64-79-80-35",5,12,1201,2,320,"1201-320","2018-08-08T02:45:25"
"3","39-09-56-49",3,21,2101,1,148,"2101-148","2018-07-20T10:20:05"
"3","13-15-93-05",3,18,1817,2,572,"1817-572","2018-08-08T04:56:51"
"3","67-61-02-69",5,3,317,2,586,"317-586","2018-07-30T07:13:57"
"3","85-64-37-31",4,1,113,2,6,"113-6","2018-08-07T11:00:24"
"3","44-04-68-03",3,18,1812,2,42,"1812-42","2018-08-03T06:28:03"
"3","14-63-12-54",3,36,3613,2,1066,"3613-1066","2018-08-06T06:26:13"
"2","92-79-46-78",5,32,3215,1,4712,"3215-4712","2018-07-18T11:57:47"
"3","95-37-47-17",2,5,505,2,1292,"505-1292","2018-08-16T11:06:49"
"3","07-46-07-51",5,32,3213,2,128,"3213-128","2018-07-29T08:55:14"
"3","69-52-62-79",4,16,1615,2,220,"1615-220","2018-07-27T04:59:21"
"3","67-76-08-58",3,21,2119,2,3992,"2119-3992","2018-07-30T11:04:34"
"3","16-84-39-82",6,27,2711,1,710,"2711-710","2018-08-19T11:00:24"
"3","03-76-52-24",4,1,110,2,338,"110-338","2018-07-24T08:18:00"
"3","83-99-95-69",5,12,1203,1,334,"1203-334","2018-08-12T06:19:28"
"2","36-67-16-09",5,32,3223,2,668,"3223-668","2018-08-10T07:31:58"
"3","28-79-36-95",4,4,419,1,1006,"419-1006","2018-07-26T05:37:01"
"3","33-01-70-04",3,18,1802,1,3204,"1802-3204","2018-07-26T05:11:34"
"3","13-75-39-97",3,20,2032,2,50,"2032-50","2018-07-30T10:11:30"
"3","76-25-36-85",1,37,3703,1,236,"3703-236","2018-07-24T09:57:04"
"3","53-45-29-90",4,1,113,2,44,"113-44","2018-08-09T11:48:05"
"3","77-45-08-06",4,16,1607,2,574,"1607-574","2018-08-01T05:24:43"
"3","04-71-32-45",4,16,1627,2,126,"1627-126","2018-08-10T06:22:40"
"3","18-37-42-12",2,2,212,2,100,"212-100","2018-08-06T09:14:40"
"3","31-74-41-00",1,26,2620,2,590,"2620-590","2018-08-14T09:12:23"
"3","60-29-03-30",1,31,3112,2,350,"3112-350","2018-08-07T07:53:48"
"3","59-09-86-97",6,29,2915,1,622,"2915-622","2018-08-03T11:52:37"
"3","03-02-04-99",5,32,3206,1,1646,"3206-1646","2018-08-03T08:05:05"
"3","37-81-30-99",2,5,502,2,3878,"502-3878","2018-07-21T03:29:46"
"2","70-41-38-51",5,3,301,1,1198,"301-1198","2018-07-18T06:09:43"
"3","19-10-69-70",1,23,2305,2,174,"2305-174","2018-08-02T04:39:06"
"3","87-10-09-17",4,4,407,1,680,"407-680","2018-08-21T07:42:25"
"3","14-87-37-06",1,23,2304,2,432,"2304-432","2018-08-02T10:52:46"
"3","04-36-76-30",4,1,102,1,2486,"102-2486","2018-08-15T10:20:42"
"3","25-49-75-26",1,26,2613,2,1462,"2613-1462","2018-07-21T03:15:26"
"3","72-18-58-34",2,2,209,2,1040,"209-1040","2018-08-08T11:03:08"
"3","67-04-46-55",6,24,2419,1,488,"2419-488","2018-07-20T05:40:22"
"3","63-86-85-11",3,19,1941,2,1112,"1941-1112","2018-08-16T08:23:29"
"3","75-91-62-70",6,28,2816,1,2146,"2816-2146","2018-07-23T11:29:56"
"2","02-36-72-71",5,12,1212,1,2598,"1212-2598","2018-07-19T08:17:14"
"3","35-08-89-18",5,3,302,2,302,"302-302","2018-08-14T06:09:44"
"3","87-67-50-03",5,3,323,2,488,"323-488","2018-08-03T06:38:35"
"3","93-74-63-13",2,5,511,2,796,"511-796","2018-07-30T08:06:52"
"2","77-06-78-35",2,5,520,2,1756,"520-1756","2018-07-19T09:09:34"
"2","43-94-49-31",1,25,2503,2,1350,"2503-1350","2018-07-19T13:57:33"
"3","92-27-68-81",4,11,1106,2,1366,"1106-1366","2018-08-11T06:17:50"
"2","66-84-83-86",6,28,2814,1,662,"2814-662","2018-07-19T03:28:18"
"3","94-02-11-97",5,9,908,1,78,"908-78","2018-08-06T10:23:46"
"3","19-85-01-16",4,1,109,2,1996,"109-1996","2018-07-29T10:22:06"
"3","22-73-13-89",4,14,1411,2,836,"1411-836","2018-08-08T12:36:31"
"3","98-82-15-44",4,11,1104,1,2028,"1104-2028","2018-08-13T06:59:27"
"3","67-48-61-94",2,5,507,2,230,"507-230","2018-07-22T07:17:56"
"2","50-03-07-77",1,22,2216,1,428,"2216-428","2018-07-18T09:13:17"
"3","59-68-55-46",5,3,307,1,634,"307-634","2018-08-04T05:52:46"
"3","15-74-97-47",6,24,2419,1,330,"2419-330","2018-08-09T08:15:54"
"3","19-63-24-77",3,17,1721,1,1272,"1721-1272","2018-07-24T08:05:37"
"3","85-26-23-71",6,27,2712,2,172,"2712-172","2018-08-08T07:34:56"
"2","92-88-50-89",3,18,1809,1,1098,"1809-1098","2018-07-18T07:49:32"
"3","03-10-69-55",2,35,3510,2,550,"3510-550","2018-08-05T05:35:08"
"3","89-90-59-53",3,18,1817,2,726,"1817-726","2018-08-07T08:41:49"
"3","29-75-74-52",4,1,105,2,638,"105-638","2018-07-27T09:19:04"
"3","77-33-28-47",6,30,3002,1,1264,"3002-1264","2018-07-19T05:47:43"
"3","14-10-75-43",1,37,3704,2,214,"3704-214","2018-07-28T04:48:25"
"3","63-62-16-77",4,16,1610,2,490,"1610-490","2018-07-26T07:19:27"
"3","40-12-12-69",3,19,1927,2,622,"1927-622","2018-08-06T08:23:38"
"3","93-31-36-22",6,27,2706,2,362,"2706-362","2018-07-30T06:49:32"
"3","43-25-09-15",3,36,3608,2,1300,"3608-1300","2018-07-21T06:04:56"
"3","03-14-52-39",2,5,518,2,1788,"518-1788","2018-08-18T05:14:44"
"3","01-04-36-90",5,6,602,2,1356,"602-1356","2018-07-29T12:15:43"
"3","58-98-39-65",2,5,505,2,1716,"505-1716","2018-08-18T09:39:49"
"3","34-33-60-79",3,33,3321,2,118,"3321-118","2018-07-28T12:46:23"
"3","54-61-53-96",5,3,305,2,1164,"305-1164","2018-08-09T04:47:27"
"2","67-04-03-77",1,37,3705,2,254,"3705-254","2018-07-18T04:47:40"
"3","62-51-25-06",5,10,1013,2,1054,"1013-1054","2018-07-24T06:29:26"
"3","78-07-21-15",1,26,2603,1,658,"2603-658","2018-07-25T04:34:23"
"3","36-45-98-53",3,18,1802,2,1554,"1802-1554","2018-08-01T06:03:10"
"3","06-69-96-14",4,16,1616,2,902,"1616-902","2018-08-04T05:16:53"
"3","25-01-48-76",5,32,3206,2,276,"3206-276","2018-08-02T06:07:17"
"3","90-72-15-89",5,12,1211,1,1250,"1211-1250","2018-07-23T09:41:30"
"3","14-30-17-44",2,35,3514,1,1050,"3514-1050","2018-07-20T06:19:09"
"2","60-07-78-12",6,29,2930,1,1300,"2930-1300","2018-07-18T05:29:27"
"3","24-00-25-93",2,2,211,2,532,"211-532","2018-07-31T11:40:13"
"3","40-52-08-69",2,5,518,2,2802,"518-2802","2018-08-24T06:43:00"
"2","90-01-85-26",6,13,1306,1,140,"1306-140","2018-07-18T09:37:51"
"3","49-71-96-64",3,20,2018,2,1134,"2018-1134","2018-07-31T05:32:36"
"2","10-13-18-38",5,32,3212,2,450,"3212-450","2018-08-13T08:15:39"
"3","34-74-18-63",1,23,2302,2,1982,"2302-1982","2018-08-11T01:41:51"
"3","92-23-89-72",1,23,2311,2,1600,"2311-1600","2018-08-12T02:57:14"
"3","03-71-30-19",2,5,504,2,1162,"504-1162","2018-07-27T11:48:40"
"3","29-90-30-41",2,35,3507,2,596,"3507-596","2018-08-14T09:05:59"
"3","82-66-24-69",4,14,1413,2,670,"1413-670","2018-08-11T09:29:42"
"3","74-73-57-80",1,7,709,2,1226,"709-1226","2018-07-30T03:24:55"
"3","48-51-61-06",3,19,1919,2,366,"1919-366","2018-08-01T07:50:37"
"3","63-64-26-39",6,30,3011,2,306,"3011-306","2018-08-16T07:14:43"
"3","45-48-73-20",1,26,2611,2,424,"2611-424","2018-08-02T04:08:50"
"3","13-89-56-74",3,33,3318,2,1498,"3318-1498","2018-08-06T10:23:25"
"3","38-95-96-53",1,37,3702,1,972,"3702-972","2018-08-01T04:40:02"
"3","82-10-59-69",2,2,215,2,814,"215-814","2018-07-28T10:50:46"
"3","64-87-88-32",1,37,3702,1,158,"3702-158","2018-07-30T18:06:13"
"3","61-75-62-95",3,33,3304,2,418,"3304-418","2018-08-08T07:22:09"
"3","70-94-14-51",4,1,112,2,266,"112-266","2018-08-11T09:12:15"
"3","02-16-29-23",5,10,1023,2,346,"1023-346","2018-08-08T07:30:28"
"2","20-46-18-84",3,21,2106,2,2822,"2106-2822","2018-07-19T04:10:26"
"3","99-48-44-06",3,19,1929,2,108,"1929-108","2018-07-26T05:15:20"
"2","08-68-28-70",1,31,3102,2,14,"3102-14","2018-07-18T05:17:43"
"3","93-65-32-75",2,5,517,2,1424,"517-1424","2018-08-09T05:27:25"
"3","33-54-48-19",3,33,3305,2,846,"3305-846","2018-08-15T05:34:02"
"3","04-78-38-15",1,31,3109,2,1026,"3109-1026","2018-07-27T04:52:16"
"3","46-91-39-98",3,21,2115,2,926,"2115-926","2018-08-02T08:10:02"
"3","78-06-93-64",3,18,1807,2,1754,"1807-1754","2018-08-09T03:24:05"
"3","88-75-08-97",3,21,2115,2,548,"2115-548","2018-08-07T01:43:57"
"3","12-59-69-02",4,14,1406,2,1002,"1406-1002","2018-08-16T08:51:17"
"3","37-55-51-63",4,16,1605,2,180,"1605-180","2018-08-07T06:31:53"
"3","08-21-25-90",1,26,2624,2,118,"2624-118","2018-08-08T07:39:52"
"2","38-46-22-48",4,16,1625,2,210,"1625-210","2018-07-19T05:36:45"
"3","96-89-60-25",1,26,2615,2,556,"2615-556","2018-08-06T10:26:54"
"3","54-81-14-73",1,22,2211,2,594,"2211-594","2018-07-31T06:58:32"
"3","52-97-35-70",5,12,1215,2,810,"1215-810","2018-08-08T06:18:12"
"3","19-13-72-43",4,1,115,1,670,"115-670","2018-08-20T11:49:13"
"3","97-50-60-46",2,15,1506,1,244,"1506-244","2018-07-23T05:23:49"
"3","68-29-84-48",6,24,2403,1,1444,"2403-1444","2018-07-25T06:56:46"
"3","53-19-37-70",3,20,2026,2,1216,"2026-1216","2018-07-23T08:39:23"
"3","53-68-61-13",3,19,1928,2,526,"1928-526","2018-08-11T06:09:50"
"3","87-29-28-77",1,23,2303,2,68,"2303-68","2018-08-06T06:18:59"
"2","23-09-52-23",2,8,821,1,1448,"821-1448","2018-07-18T07:34:25"
"3","57-03-91-09",4,14,1402,2,1686,"1402-1686","2018-08-05T07:03:05"
"3","08-03-09-87",4,1,102,1,806,"102-806","2018-08-18T10:27:55"
"2","40-12-75-77",3,20,2025,2,760,"2025-760","2018-07-21T10:32:47"
"3","75-58-98-73",6,24,2410,1,2522,"2410-2522","2018-08-05T08:38:49"
"3","37-18-96-22",1,22,2213,1,100,"2213-100","2018-07-27T02:46:53"
"2","55-77-73-41",6,27,2701,1,506,"2701-506","2018-07-18T04:33:54"
"3","48-28-95-96",1,7,719,2,270,"719-270","2018-07-28T08:53:48"
"3","52-15-71-10",3,21,2111,2,260,"2111-260","2018-07-22T07:16:10"
"3","03-13-23-26",3,18,1820,2,450,"1820-450","2018-08-07T06:56:44"
"3","49-07-21-59",6,30,3016,2,198,"3016-198","2018-08-14T08:20:57"
"3","63-60-14-19",6,30,3028,2,136,"3028-136","2018-08-11T08:41:27"
"3","20-57-21-53",6,13,1303,1,80,"1303-80","2018-08-29T05:59:58"
"3","06-49-35-62",5,10,1013,2,410,"1013-410","2018-07-19T05:39:12"
"3","18-45-72-15",1,23,2309,2,1574,"2309-1574","2018-07-25T04:25:32"
"3","84-49-33-60",4,16,1611,2,1878,"1611-1878","2018-07-21T04:32:34"
"3","92-80-71-02",1,37,3702,1,1102,"3702-1102","2018-08-10T07:02:44"
"3","96-60-15-66",3,21,2105,2,1606,"2105-1606","2018-07-26T12:39:26"
"3","57-55-65-84",5,9,908,1,278,"908-278","2018-07-21T07:10:20"
"3","07-44-97-33",1,22,2216,1,270,"2216-270","2018-07-20T06:17:43"
"3","24-12-92-50",6,24,2416,1,176,"2416-176","2018-08-05T09:43:13"
"3","57-84-32-28",1,7,711,2,2532,"711-2532","2018-07-27T11:03:18"
"3","92-94-79-12",3,18,1805,2,674,"1805-674","2018-07-31T05:12:39"
"3","04-91-91-26",3,18,1813,2,522,"1813-522","2018-08-05T06:21:46"
"3","64-90-33-79",3,33,3313,2,930,"3313-930","2018-07-31T12:53:48"
"3","28-66-83-26",3,18,1805,2,792,"1805-792","2018-07-29T10:25:23"
"3","25-31-56-62",6,27,2712,2,110,"2712-110","2018-08-06T09:42:48"
"3","42-74-41-76",5,32,3215,1,2978,"3215-2978","2018-07-20T11:27:52"
"3","92-25-49-43",5,12,1216,2,618,"1216-618","2018-08-09T05:47:15"
"3","40-27-87-25",6,13,1307,1,1178,"1307-1178","2018-07-31T10:35:41"
"2","96-57-22-78",5,3,329,2,608,"329-608","2018-07-18T04:29:13"
"3","65-13-55-68",6,24,2404,1,1342,"2404-1342","2018-08-07T06:06:37"
"3","40-10-86-88",6,13,1306,1,342,"1306-342","2018-07-23T08:46:48"
"3","28-30-25-94",6,27,2716,2,44,"2716-44","2018-07-20T06:20:49"
"3","62-37-81-47",6,30,3015,2,260,"3015-260","2018-08-08T04:49:11"
"3","47-70-21-57",5,3,326,2,502,"326-502","2018-08-06T07:07:53"
"3","23-99-15-77",3,19,1940,2,648,"1940-648","2018-07-24T06:21:25"
"3","69-99-91-01",3,33,3323,2,92,"3323-92","2018-07-19T04:27:55"
"3","42-91-10-61",6,24,2416,1,2028,"2416-2028","2018-08-03T09:13:30"
"3","70-59-88-80",2,35,3512,2,478,"3512-478","2018-07-22T09:17:23"
"3","96-03-04-95",5,9,901,2,398,"901-398","2018-08-15T04:10:09"
"3","39-69-76-43",2,2,211,2,668,"211-668","2018-08-02T12:17:19"
"2","34-34-35-07",1,26,2604,2,1652,"2604-1652","2018-07-19T03:24:38"
"3","92-87-57-41",2,2,203,2,1224,"203-1224","2018-08-01T01:16:51"
"3","67-58-07-05",4,14,1408,2,1996,"1408-1996","2018-07-30T08:49:51"
"3","41-66-59-84",6,27,2705,2,568,"2705-568","2018-07-28T03:25:57"
"3","22-00-22-68",1,25,2504,2,222,"2504-222","2018-07-28T04:49:17"
"3","06-36-42-99",5,32,3206,1,622,"3206-622","2018-08-04T11:29:54"
"3","86-43-32-96",6,29,2905,1,1096,"2905-1096","2018-07-31T07:56:46"
"3","60-94-13-80",3,19,1914,2,934,"1914-934","2018-08-15T06:38:48"
"3","20-94-63-06",5,3,311,2,20,"311-20","2018-07-25T07:35:23"
"3","46-76-06-51",4,1,102,1,1690,"102-1690","2018-08-17T09:42:20"
"3","79-10-50-98",2,34,3402,2,72,"3402-72","2018-08-08T02:17:45"
"3","12-77-61-09",1,7,718,2,504,"718-504","2018-08-05T11:19:25"
"3","62-09-27-81",6,28,2804,1,340,"2804-340","2018-07-30T09:46:31"
"2","33-73-83-23",3,17,1712,2,126,"1712-126","2018-07-18T10:40:10"
"3","92-77-78-00",1,37,3706,1,156,"3706-156","2018-08-03T07:23:18"
"3","30-15-04-14",4,4,417,1,678,"417-678","2018-07-28T10:41:37"
"3","62-48-24-92",1,26,2615,2,2196,"2615-2196","2018-08-04T04:36:11"
"3","08-26-46-32",5,12,1208,2,630,"1208-630","2018-07-31T07:03:08"
"3","96-55-75-53",2,2,207,2,158,"207-158","2018-08-09T01:38:41"
"3","56-85-49-04",6,28,2815,2,10,"2815-10","2018-07-25T10:14:52"
"3","63-55-00-20",2,5,504,2,406,"504-406","2018-07-25T08:31:38"
"3","65-36-02-82",1,7,718,2,1228,"718-1228","2018-08-05T06:33:15"
"2","31-32-04-63",4,14,1403,1,306,"1403-306","2018-07-18T06:07:28"
"3","37-46-79-75",3,20,2028,2,498,"2028-498","2018-07-26T09:36:35"
"3","90-69-30-06",6,27,2711,2,1218,"2711-1218","2018-08-17T08:41:45"
"3","15-20-22-13",4,16,1602,2,234,"1602-234","2018-07-24T05:47:28"
"3","95-88-13-44",4,1,115,1,176,"115-176","2018-08-13T05:43:04"
"3","15-32-67-74",6,24,2403,1,7586,"2403-7586","2018-08-01T07:32:07"
"3","23-29-35-52",5,3,327,2,196,"327-196","2018-08-09T06:00:31"
"3","99-56-55-13",1,37,3703,1,202,"3703-202","2018-07-26T08:13:09"
"3","93-75-47-35",6,24,2401,1,1664,"2401-1664","2018-07-22T09:56:48"
"3","78-61-27-29",6,29,2920,2,1628,"2920-1628","2018-08-07T08:12:37"
"3","95-07-94-42",4,1,115,1,550,"115-550","2018-08-16T09:56:14"
"3","07-48-56-32",3,18,1819,1,818,"1819-818","2018-07-20T04:57:02"
"3","41-56-42-77",6,30,3023,2,622,"3023-622","2018-08-13T05:08:30"
"2","24-96-26-04",2,15,1506,1,398,"1506-398","2018-07-18T05:50:56"
"3","46-18-91-71",2,5,509,2,1064,"509-1064","2018-08-06T06:29:40"
"3","47-55-77-30",2,34,3409,2,500,"3409-500","2018-07-22T06:26:31"
"2","38-87-88-19",3,36,3608,2,2078,"3608-2078","2018-07-18T04:38:29"
"3","25-27-88-75",1,26,2608,2,786,"2608-786","2018-07-22T08:00:11"
"3","46-66-02-79",1,37,3706,1,1836,"3706-1836","2018-08-05T07:13:38"
"3","61-97-75-93",5,10,1013,2,948,"1013-948","2018-07-23T05:11:04"
"3","31-11-21-84",6,13,1307,1,268,"1307-268","2018-08-07T10:36:33"
"3","82-64-75-94",5,3,304,2,10,"304-10","2018-07-24T06:19:41"
"3","00-86-78-35",1,23,2316,2,1442,"2316-1442","2018-08-06T12:29:43"
"3","89-56-51-08",6,29,2928,1,322,"2928-322","2018-08-11T11:49:12"
"3","91-93-19-22",2,34,3416,2,620,"3416-620","2018-08-05T03:17:10"
"3","53-33-58-51",5,10,1022,1,30,"1022-30","2018-08-04T08:19:47"
"3","93-66-94-10",6,30,3021,2,628,"3021-628","2018-08-10T11:44:24"
"3","68-61-30-79",3,18,1809,1,1756,"1809-1756","2018-07-20T04:23:32"
"3","18-54-56-36",1,37,3701,1,308,"3701-308","2018-07-23T03:38:02"
"3","91-40-95-38",1,23,2311,2,516,"2311-516","2018-08-10T12:18:17"
"3","20-98-53-79",4,1,109,2,1214,"109-1214","2018-07-26T09:56:38"
"3","28-15-21-68",1,23,2306,1,78,"2306-78","2018-07-23T03:04:18"
"3","37-75-02-55",3,18,1803,2,840,"1803-840","2018-07-22T11:49:41"
"3","30-04-23-43",4,14,1405,1,846,"1405-846","2018-08-15T09:08:29"
"3","90-25-73-62",4,16,1610,2,66,"1610-66","2018-07-29T09:20:06"
"3","48-99-00-25",1,7,716,2,458,"716-458","2018-07-26T09:06:40"
"3","18-25-40-78",2,34,3412,2,156,"3412-156","2018-08-12T03:07:17"
"3","44-52-87-95",6,27,2720,1,1048,"2720-1048","2018-08-13T10:32:10"
"3","95-58-50-44",5,9,917,2,2282,"917-2282","2018-08-11T06:21:34"
"3","06-75-46-66",1,26,2602,2,118,"2602-118","2018-08-15T06:13:57"
"3","32-44-34-33",5,12,1209,1,566,"1209-566","2018-08-03T04:08:53"
"3","31-24-79-89",6,13,1310,1,762,"1310-762","2018-09-03T08:26:16"
"3","12-64-30-32",3,20,2012,1,844,"2012-844","2018-08-06T06:32:03"
"3","52-64-68-81",3,18,1810,1,540,"1810-540","2018-07-24T09:33:24"
"3","89-30-33-74",2,2,213,2,1282,"213-1282","2018-07-27T03:39:00"
"3","06-41-30-42",3,20,2016,1,408,"2016-408","2018-08-05T06:02:43"
"3","66-89-39-46",3,18,1816,1,378,"1816-378","2018-07-24T10:52:15"
"3","25-71-89-41",5,12,1208,2,526,"1208-526","2018-07-24T05:10:34"
"3","27-42-77-18",3,19,1910,2,808,"1910-808","2018-07-22T05:47:32"
"3","83-97-06-16",4,1,107,2,1322,"107-1322","2018-07-23T05:57:05"
"3","47-95-75-83",1,31,3113,2,870,"3113-870","2018-07-25T04:33:17"
"3","41-84-50-19",2,5,502,1,562,"502-562","2018-07-24T06:37:54"
"3","02-87-57-89",6,30,3026,1,72,"3026-72","2018-08-05T06:24:07"
"3","92-92-88-76",1,26,2616,2,584,"2616-584","2018-07-31T09:42:17"
"2","98-44-14-27",1,23,2307,1,2316,"2307-2316","2018-07-18T09:41:19"
"3","56-85-76-53",3,17,1707,2,284,"1707-284","2018-08-03T07:03:39"
"2","94-72-59-56",3,19,1912,1,1510,"1912-1510","2018-07-18T04:55:02"
"3","98-98-49-07",6,30,3020,2,1092,"3020-1092","2018-08-03T05:47:08"
"3","59-19-99-48",5,12,1216,1,694,"1216-694","2018-08-11T07:03:56"
"3","27-48-21-40",4,16,1610,2,776,"1610-776","2018-08-01T05:08:24"
"3","14-92-68-14",1,7,715,2,780,"715-780","2018-08-02T08:43:46"
"3","44-73-48-88",4,16,1608,2,1480,"1608-1480","2018-07-20T12:03:12"
"3","26-11-55-88",6,27,2712,2,356,"2712-356","2018-08-10T07:29:43"
"3","71-88-60-47",4,16,1622,2,692,"1622-692","2018-08-04T05:21:39"
"2","40-42-95-51",6,30,3002,1,1310,"3002-1310","2018-07-18T05:50:51"
"3","55-22-28-89",5,9,910,2,730,"910-730","2018-08-03T08:15:59"
"3","56-02-50-35",3,36,3610,2,1140,"3610-1140","2018-07-27T06:43:08"
"3","76-69-46-88",1,23,2316,2,614,"2316-614","2018-08-07T03:20:28"
"3","72-89-59-07",6,24,2418,1,2276,"2418-2276","2018-07-27T07:51:46"
"3","52-91-15-58",2,2,221,1,750,"221-750","2018-07-21T09:53:35"
"3","74-59-58-64",2,5,518,2,1304,"518-1304","2018-08-13T05:46:21"
"3","07-61-48-97",4,14,1401,2,1116,"1401-1116","2018-08-02T06:23:40"
"3","15-06-11-50",4,1,113,2,284,"113-284","2018-08-04T10:44:17"
"3","56-67-49-60",3,36,3606,2,1956,"3606-1956","2018-08-08T08:10:12"
"3","35-84-91-96",5,3,316,2,874,"316-874","2018-07-31T04:26:32"
"3","64-61-47-63",3,19,1923,2,284,"1923-284","2018-08-17T06:13:27"
"3","25-68-88-37",2,2,212,2,1254,"212-1254","2018-08-05T03:35:08"
"3","03-78-04-62",2,34,3405,2,456,"3405-456","2018-07-27T09:29:36"
"3","00-20-28-64",5,10,1006,2,1708,"1006-1708","2018-08-03T12:40:52"
"3","62-89-02-19",3,17,1701,2,10,"1701-10","2018-07-30T05:51:33"
"3","24-39-52-47",4,1,112,2,556,"112-556","2018-08-12T08:09:38"
"3","34-29-17-82",4,1,117,2,800,"117-800","2018-07-30T06:25:46"
"3","38-46-37-57",3,21,2112,2,442,"2112-442","2018-07-24T04:24:11"
"3","39-65-88-69",4,14,1410,2,236,"1410-236","2018-07-23T05:34:32"
"3","50-64-52-17",1,23,2308,1,5126,"2308-5126","2018-07-20T06:26:48"
"3","24-32-97-65",6,27,2715,2,864,"2715-864","2018-08-04T06:17:18"
"3","03-99-69-43",2,8,805,2,46,"805-46","2018-08-12T03:54:36"
"3","45-81-09-98",4,1,107,2,10,"107-10","2018-07-24T05:30:16"
"3","73-27-72-92",3,17,1722,2,96,"1722-96","2018-08-05T05:39:44"
"3","82-37-95-85",5,9,918,2,834,"918-834","2018-07-26T10:12:56"
"3","29-95-35-85",2,35,3506,2,2404,"3506-2404","2018-08-08T06:00:32"
"3","58-78-35-36",5,32,3205,2,846,"3205-846","2018-08-15T07:28:53"
"3","93-92-34-51",2,35,3505,2,1726,"3505-1726","2018-07-27T05:29:13"
"3","30-24-32-31",4,11,1102,2,936,"1102-936","2018-07-31T05:02:47"
"3","73-72-14-98",2,15,1508,2,1682,"1508-1682","2018-07-30T09:05:34"
"3","09-47-71-35",1,23,2309,2,740,"2309-740","2018-07-30T04:06:33"
"3","33-54-54-25",1,23,2303,2,828,"2303-828","2018-08-03T10:08:03"
"3","90-22-89-28",4,1,117,2,560,"117-560","2018-08-02T07:11:47"
"3","99-97-86-11",5,12,1214,2,452,"1214-452","2018-08-05T12:34:33"
"3","98-78-25-73",1,37,3706,1,4144,"3706-4144","2018-08-08T07:22:35"
"3","57-71-37-06",6,13,1303,1,626,"1303-626","2018-08-31T09:14:47"
"2","53-72-97-57",5,32,3213,2,282,"3213-282","2018-07-26T05:46:43"
"3","36-31-47-89",5,12,1209,1,226,"1209-226","2018-08-05T07:34:12"
"2","75-48-08-70",2,2,220,2,112,"220-112","2018-07-18T05:10:04"
"2","13-73-35-87",1,7,708,2,754,"708-754","2018-07-19T01:50:07"
"3","37-01-37-68",5,6,606,2,790,"606-790","2018-07-31T13:06:40"
"3","24-97-17-23",3,20,2009,2,144,"2009-144","2018-07-25T07:46:38"
"3","74-88-48-17",2,34,3406,2,728,"3406-728","2018-07-25T03:42:06"
"3","21-49-21-54",6,24,2413,1,306,"2413-306","2018-08-01T07:18:24"
"3","53-77-95-52",4,1,111,1,1146,"111-1146","2018-08-07T11:35:59"
"3","40-17-09-12",4,1,104,2,1020,"104-1020","2018-07-21T10:11:29"
"3","50-56-39-28",3,36,3613,2,1808,"3613-1808","2018-08-01T05:23:57"
"3","10-70-15-22",5,3,320,2,266,"320-266","2018-08-01T05:52:13"
"3","52-94-82-79",3,20,2003,2,1390,"2003-1390","2018-08-02T05:16:20"
"3","70-18-31-77",6,24,2405,1,134,"2405-134","2018-07-24T10:25:30"
"3","05-12-63-20",5,6,607,2,1892,"607-1892","2018-08-04T13:10:14"
"3","11-22-53-73",6,24,2405,1,1292,"2405-1292","2018-08-09T09:02:26"
"3","40-64-78-87",1,22,2208,2,642,"2208-642","2018-08-09T06:47:03"
"3","29-70-03-68",3,20,2016,2,2102,"2016-2102","2018-08-07T05:32:21"
"3","49-63-45-57",2,8,821,1,1628,"821-1628","2018-07-24T04:54:23"
"3","35-93-63-36",6,24,2420,1,10,"2420-10","2018-07-26T08:31:16"
"3","42-14-65-67",5,10,1012,2,428,"1012-428","2018-07-21T09:01:57"
"3","34-64-88-25",5,9,913,2,1510,"913-1510","2018-08-09T12:29:01"
"3","35-91-88-27",1,23,2309,1,1224,"2309-1224","2018-07-30T09:35:28"
"3","03-12-22-44",5,3,313,2,70,"313-70","2018-08-02T03:35:53"
"3","21-79-45-65",5,6,601,2,640,"601-640","2018-08-07T10:01:38"
"3","42-20-44-59",4,11,1109,2,1556,"1109-1556","2018-07-21T01:35:53"
"3","04-74-30-48",2,34,3408,2,870,"3408-870","2018-08-03T03:16:19"
"3","81-24-92-26",6,27,2703,1,1612,"2703-1612","2018-07-24T10:33:13"
"3","75-11-39-19",6,30,3005,1,3648,"3005-3648","2018-07-31T06:32:47"
"3","85-15-70-34",5,32,3203,2,1420,"3203-1420","2018-08-07T08:18:33"
"3","79-28-34-70",3,17,1716,2,1452,"1716-1452","2018-07-26T04:17:26"
"3","71-53-69-82",4,1,102,1,46,"102-46","2018-08-21T06:13:08"
"3","54-25-84-23",6,29,2909,2,220,"2909-220","2018-08-15T04:54:19"
"3","09-16-01-04",3,18,1818,2,76,"1818-76","2018-07-27T10:43:25"
"3","62-79-50-51",5,10,1012,2,1106,"1012-1106","2018-07-25T05:21:23"
"3","22-72-53-69",1,23,2314,2,354,"2314-354","2018-07-23T10:53:38"
"3","32-67-68-76",1,22,2220,1,1296,"2220-1296","2018-07-25T05:49:27"
"3","50-60-17-79",1,26,2603,1,450,"2603-450","2018-07-26T11:35:21"
"3","13-66-49-36",5,10,1007,1,1026,"1007-1026","2018-07-31T06:28:37"
"3","58-86-92-36",1,23,2313,1,382,"2313-382","2018-07-25T08:14:51"
"3","38-21-46-52",4,1,108,2,904,"108-904","2018-08-09T10:17:00"
"3","23-66-53-00",2,5,508,2,2196,"508-2196","2018-08-09T07:52:24"
"2","56-49-43-37",1,7,717,2,478,"717-478","2018-07-18T07:38:34"
"3","25-28-52-14",1,22,2203,2,2578,"2203-2578","2018-08-03T08:01:52"
"2","38-70-64-26",5,32,3213,2,1358,"3213-1358","2018-07-23T06:38:04"
"3","52-55-68-60",4,4,416,1,372,"416-372","2018-08-07T06:59:15"
"3","68-51-92-01",4,11,1112,2,78,"1112-78","2018-08-06T06:25:06"
"3","56-13-60-26",2,15,1503,2,864,"1503-864","2018-08-14T07:07:59"
"3","49-83-99-45",2,2,211,2,344,"211-344","2018-08-05T04:48:01"
"3","33-58-27-66",4,11,1105,2,1092,"1105-1092","2018-07-24T02:18:45"
"2","83-89-02-14",5,10,1002,1,114,"1002-114","2018-07-18T09:14:30"
"3","22-86-82-38",6,27,2720,1,1836,"2720-1836","2018-08-15T09:40:09"
"3","26-03-93-08",2,2,213,2,1406,"213-1406","2018-07-26T06:51:31"
"3","37-81-95-07",5,3,327,2,246,"327-246","2018-08-14T05:33:15"
"3","67-97-39-81",6,30,3007,1,1624,"3007-1624","2018-07-25T08:20:53"
"3","59-59-50-81",2,8,821,1,12,"821-12","2018-07-29T04:24:55"
"3","00-34-88-54",4,4,408,2,630,"408-630","2018-08-03T05:27:01"
"3","96-51-94-30",4,14,1401,2,746,"1401-746","2018-08-02T07:05:08"
"3","38-72-90-17",5,3,318,2,56,"318-56","2018-07-28T07:27:36"
"3","14-92-21-43",6,13,1308,1,842,"1308-842","2018-08-23T09:54:12"
"3","67-97-38-50",2,2,213,1,1010,"213-1010","2018-07-23T04:53:35"
"3","76-13-13-22",3,19,1919,2,596,"1919-596","2018-07-30T06:27:29"
"3","98-30-04-25",1,31,3117,2,1288,"3117-1288","2018-07-28T06:39:48"
"3","94-62-88-50",4,11,1104,2,914,"1104-914","2018-08-03T05:47:37"
"3","00-47-07-24",1,22,2208,2,194,"2208-194","2018-08-07T10:20:26"
"3","27-25-11-01",5,3,316,2,910,"316-910","2018-07-27T06:33:50"
